(node:27064) ExperimentalWarning: `--experimental-loader` may be removed in the future; instead use `register()`:
--import 'data:text/javascript,import { register } from "node:module"; import { pathToFileURL } from "node:url"; register("ts-node/esm", pathToFileURL("./"));'
(Use `node --trace-warnings ...` to show where the warning was created)
(node:27064) [DEP0180] DeprecationWarning: fs.Stats constructor is deprecated.
(Use `node --trace-deprecation ...` to show where the warning was created)
(node:27064) [DEP0040] DeprecationWarning: The `punycode` module is deprecated. Please use a userland alternative instead.
📡 Resuming production for: Neon Dreams (Mode: MUSIC_STUDIO)
🔮 Content Director v1 — Mode: MUSIC_STUDIO


📖 MUSIC_STUDIO: "Neon Dreams" | PASS: BRIEF
   💡 Generating Billboard-Tier Brief for Track: "Neon Dreams"...
   [DEBUG] Attempt 1: Resumption=false, Stream=None
[MarieEngine] chatLoop started at depth 0. Accumulated content length: 0
[INFO] Marie is tidying up conversation history (107780 tokens)...
[INFO] Marie finished tidying. Tokens reduced from 107780 to 99584.
   [DEBUG] First chunk received (len: 143)
# STUDIO BRIEF: Neon Dreams

## The Hook
A high-voltage collision between **human longing and synthetic euphoria**—the song captures the moment when genuine connection flickers to life inside a hyper-digital, neon-drenched metropolis. It’s not about the city; it’s about finding a real heartbeat in the machine. The core emotional hook: *"We’re just glitches in the system, but our signal’s strong."* This positions cyberpunk exhaustion (overload, loneliness in crowds) against a defiant, intimate spark—making the futuristic setting emotionally accessible and globally relatable.

## Sonic Texture
- **Primary Palette:** Aggressive, bright synthwave (retro-futuristic arpeggios, supersaws), 808-driven trap percussion with metallic clangs and glitch-stutters, and a driving four-on-the-floor kick meant for festival main stages.
- **Secondary Layers:** Chopped & processed vocal samples (city ambience, chatbot voices, text notification sounds), atmospheric pads mimicking holographic displays, and occasional traditional Korean instrument stabs (gayageum, janggu) warped through bit-crushers to blend heritage with hyper-modernity.
- **Atmosphere:** High-frequency, neon-shimmering, and physically immersive. It should feel like running through a rain-slicked, hologram-lit alley at 3 AM—electric, slightly dangerous, but pulsing with life. The mix prioritizes crisp highs and sub-bass warmth, with mid-range vocal clarity cutting through the electronic storm.

## Billboard Trajectory
1.  **K-Pop Engine:** Guaranteed massive debut streams and sales from the built-in global fandom of the lead group (or soloist). Title track of a highly promoted album/EP cycle.
2.  **Cross-Genre Crossover:** Sonic DNA bridges K-pop, Western electropop (The Weeknd, Dua Lipa), and the resurgence of synth-driven dance music. This allows simultaneous playlist placement on:
    *   K-Pop-centric playlists (KPOP DAEBAK, K-POP Rising)
    *   Mainstream Pop (Today's Top Hits, Pop Rising)
    *   Electronic/Dance (Mint, Dance Party)
    *   Video Game & Anime soundtracks (high sync potential).
3.  **TikTok Virality Engine:** The track is structurally designed for short-form:
    *   A 15-second "pre-chorus build" with Risers + Vocal Ad-libs.
    *   A 10-second "drop" section with the full Earworm Motif and a simple, replicable dance move (the "Neon Pulse").
    *   Lyrics with built-in trends: "Digital Heartbeat," "Neon Tears," "Signal Found."
4.  **Global Timing:** Release aligned with a major K-pop group world tour or a high-profile cyberpunk-themed drama/video game (e.g., *Cyberpunk 2077* sequel, *Squid Game* follow-up). Creates cultural moment synergy.
5.  **Radio Edit Strategy:** A 3:15 version that front-loads the hook and minimizes the glitch-breakdowns for Top 40 radio, while the full 4:00 version sustains album/streaming engagement.

## Earworm Motif
**The "Neon Pulse" Riff:** A 4-note melodic phrase played on a lead synth with a short, percussive envelope (attack: instant, decay: short, sustain: none, release: tight). The notes (in a bright, minor key with a raised 6th for Korean melodic sensibility) are: **G# - E - F# - D#**. It repeats as the central instrumental hook:
1.  **First Instance:** After the first chorus, as a synth lead over the beat.
2.  **Chorus Anchor:** Plays underneath the final chorus vocal hook ("We are the neon dreams!").
3.  **Outro:** Fades in and out as the track's final memory.

*Why it sticks:* Short, pentatonic-adjacent, rhythmic as much as melodic. The staccato attack mimics a blinking neon sign or a heartbeat monitor—physiologically engaging. It's simple enough to hum, distinct enough to own.

## Production Goal: Chart Dominance Strategy
1.  **Sound as Brand:** The "Neon Dreams" sonic signature (that exact synth tone + the 4-note motif) must be **sonic trademarked**. All teasers, trailers, and social media content use it. Goal: You hear the first two notes and know the song.
2.  **Viral Choreography Lock:** Partner with top-tier TikTok/K-pop dance choreographers (e.g., **The Billington** or **1MILLION**) to create a **"Neon Pulse" dance**. Simplicity is key: a 2-beat arm movement + head tilt that visually matches the synth stabs. Launch with 20-30 influencer seeds in the first 2 hours.
3.  **"Signal Lost" / "Signal Found" Teaser Campaign:** Roll out 5-second audio snippets of the track fading in and out of glitch static. The final teaser is 30 seconds of **full pre-chorus + first Earworm Motif**. Build anticipation as a "system transmission."
4.  **Visual Identity Consistency:** All promotional art (album cover, social posts, billboards) uses a strict color palette: **Electric Blue (#00F5FF), Magenta (#FF00FF), Deep Void Black (#0A0A0A)**. The font is a clean, futuristic sans-serif with a subtle "glow" effect.
5.  **Collaborative Amplification:**
    *   **Remix Package:** Release a "Neon Dreams (Remixes)" EP within 4 weeks. Target: **Sonic Eclipse** (hardstyle), **PinkPantheress** (UK garage/bedroom pop), **Zedd** (mainstage electro).
    *   **Western Artist Feature:** For the global push, release a **"Neon Dreams (English Version)"** featuring a high-profile Western pop/hip-hop artist (e.g., **Doja Cat, The Weeknd, or Rosalía**) on the second verse/ bridge. This crosses the language barrier for radio.
6.  **Playlist Gambit:** Secure a **Spotify "Today's Top Hits"** debut placement at #1 with a paid partnership. Simultaneously, **own the "K-Pop Daebak"** and **"Mint"** playlists. Goal: Top 5 across 3 major global playlist categories on day one.
7.  **Performance Spectacle:** Debut on a major late-night show (e.g., *The Late Late Show*) with a stage that uses **real-time holographic augmented reality** and **LED floor panels** that create the illusion of performers running through a neon city. The performance ends with a **"system crash" effect** that cuts to black, leaving only the final "Neon Pulse" riff echoing.
8.  **Merchandise as Experience:** Limited edition "Neon Dreams" merch includes **UV-reactive t-shirts** (designs only visible under blacklight), **AR-enabled posters** (scan to see holographic performance), and **USB flash drives** containing stem files and a mini-documentary on the track's production.

**Empire Pass Mantra:** *"Make the song unavoidable. Own the sound, the move, the look, and the moment. Don't just release a track—launch a sensory takeover."*[MarieEngine] Depth 0: Turn content length: 6385. New accumulated length: 6385

💭 ✨ Convergence achieved. The pattern sparks joy.
[MarieEngine] chatLoop finished at depth 0. Final content length: 6385
   [DEBUG] Captured response length: 6385
📝 [17:14:34] Ch2/BRIEF: Studio Brief: captured 911w
   ✅ Complete. Next: HOOK_ISOLATION

📖 MUSIC_STUDIO: "Neon Dreams" | PASS: HOOK_ISOLATION
   🪝  Isolating Billboard Hooks & Motifs...
   [DEBUG] Attempt 1: Resumption=false, Stream=None
[MarieEngine] chatLoop started at depth 0. Accumulated content length: 0
[INFO] Marie is tidying up conversation history (102004 tokens)...
[INFO] Marie finished tidying. Tokens reduced from 102004 to 100616.
   [DEBUG] First chunk received (len: 29)
# HOOK ISOLATION: Neon Dreams

## Ranked Hooks by Viral Potential & Chart Trajectory

### #1 — **"Digital Heartbeat"**
*   **Hook Type:** Lyrical + Sonic + Physical.
*   **The Hook:** The core chorus lyric *"I feel your digital heartbeat"* paired with a **sub-bass pulse that mimics a heartbeat** (thump-thump... thump-thump) under the synth riff.
*   **Viral Potential (Highest):** Instantly relatable metaphor for connection in a tech-saturated world. The physical "heartbeat" sound is **TikTok gold**—easy to sync with dance moves, heartbeat challenges, and couple trends. Lyrical simplicity makes it memorable across languages.
*   **Chart Trajectory:** Perfect for mainstream pop radio. The phrase is clear, emotional, and repeatable. It bridges K-pop's melodic strength with Western electropop's thematic focus on digital intimacy (cf. The Weeknd's "Blinding Lights"). This is the **primary sing-along moment**.
*   **Associated Earworm Motif:** The **"Neon Pulse" synth riff** (G#-E-F#-D#) plays directly under this lyric, locking the sound to the phrase.

### #2 — **"Neon Tears"**
*   **Hook Type:** Visual + Emotional.
*   **The Hook:** The contrasting image of **crying under neon lights**. Used in the pre-chorus (*"Neon tears on a pixelated face"*) and as a recurring ad-lib.
*   **Viral Potential (Very High):** Extremely **aesthetic and visually viral**. Perfect for mood-driven TikTok/Instagram Reels (sad girlaesthetic, cyberpunk glamour, rain-slicked street visuals). The oxymoron ("neon" = bright, "tears" = sad) is instantly captivating and quotable.
*   **Chart Trajectory:** Strong for streaming and building a narrative. Less immediately radio-friendly than #1, but creates a **distinctive sonic brand**. Helps the song stand out in a crowded release week by offering a specific, moody image that fans will adopt.
*   **Associated Earworm Motif:** A **high, filtered vocal sample** ("ah-neon-tears...") that echoes, becoming a textural hook.

### #3 — **"Glitch in the System"**
*   **Hook Type:** Conceptual + Attitudinal.
*   **The Hook:** The *identity claim*: *"We're just a glitch in the system."* Used as a pre-chorus declaration and bridge mantra.
*   **Viral Potential (High/Niche):** Speaks directly to **cyberpunk, gaming, and tech cultures**. Perfect for meme formats ("when you're a glitch in the system" for relatable fails). Drives engagement from core genre fans but has a higher barrier to mass mainstream appeal.
*   **Chart Trajectory:** This is the **"critic and core fan" hook**. It defines the song's concept and will be quoted in reviews and by superfans. It drives album/song narrative depth, which improves long-term streaming and cultural staying power, but might not be the lead radio single hook.
*   **Associated Earworm Motif:** A **stuttering, glitched vocal chop** of the phrase "glitch in the..." that cuts in and out, creating a rhythmic, mechanical hook.

---

## **Core Earworm Motif (Overarching)**
**The "Neon Pulse" Synth Riff (G#-E-F#-D#)**
This 4-note, staccato, bright-minor synth phrase is the **non-negotiable sonic anchor**. It must appear:
1.  As the central instrumental hook after the first chorus.
2.  Underlying the final chorus with "Digital Heartbeat."
3.  As the primary melodic element in the instrumental drop/break.
4.  In the outro, fading in and out.
**Why it's the Core:** It is rhythmically and melodically simple enough to hum after one listen, but harmonically distinctive (raised 6th in a minor key gives Korean melodic inflection). Its percussive attack mimics a **blinking neon sign, a data ping, or a heartbeat**—tying all three main lyrical hooks together physically. It is the **scent** of the song.[MarieEngine] Depth 0: Turn content length: 3689. New accumulated length: 3689

💭 ✨ Convergence achieved. The pattern sparks joy.
[MarieEngine] chatLoop finished at depth 0. Final content length: 3689
   [DEBUG] Captured response length: 3689
📝 [17:15:00] Ch2/HOOK_ISOLATION: Hook Selection: captured 546w
   ✅ Complete. Next: BEAT_SHEET

📖 MUSIC_STUDIO: "Neon Dreams" | PASS: BEAT_SHEET
   📝 Generating Outline...
   [DEBUG] Attempt 1: Resumption=false, Stream=None
[MarieEngine] chatLoop started at depth 0. Accumulated content length: 0
[INFO] Marie is tidying up conversation history (104237 tokens)...
[INFO] Marie finished tidying. Tokens reduced from 104237 to 102886.
   [DEBUG] First chunk received (len: 58)
# HOOK ISOLATION: Neon Dreams

## Overview: The Extraction Mission (Target: 100 words)
From the studio brief's core concept—a cyberpunk Seoul anthem about digital romance and high-energy defiance—we isolate the three most potent lyrical/emotional hooks and the singular core musical motif. The goal is to identify what will cut through the noise, dominate TikTok, and sustain chart momentum. We evaluate each on **Viral Potential** (shareability, challenge-ability, meme-ability) and **Chart Trajectory** (radio suitability, sing-along factor, crossover appeal). The winning combination must bridge K-pop's melodic precision with Western electropop's atmospheric storytelling, creating an unavoidable sensory event.

---

## Ranked Hooks by Viral Potential & Chart Trajectory

### #1 — **"Digital Heartbeat"** (Target: 150 words)
**Hook Type:** Lyrical + Sonic + Physical (Rhythmic).
**The Hook:** The chorus lyric *"I feel your digital heartbeat"* fused with a **sub-bass pulse** (thump-thump... thump-thump) that mimics a heartbeat under the synth riff. It frames connection as a biological signal within the machine.
**Viral Potential (Highest):** Instantly relatable metaphor for human connection in a tech-saturated world. The physical heartbeat sound is **TikTok gold**—syncs perfectly with dance moves, couple challenges, and "heart rate" filters. Lyrical simplicity translates across languages. The phrase itself is emotionally warm yet techy, perfect for captions.
**Chart Trajectory (Highest):** Perfect for mainstream pop radio. Clear, emotional, and repeatable. Bridges K-pop's melodic strength with Western electropop's themes of digital intimacy (cf. The Weeknd's "Blinding Lights"). This is the **primary sing-along moment** and will drive streaming saves.
**Associated Earworm Motif:** The **"Neon Pulse" synth riff** plays directly underneath this lyric, locking the sound to the phrase and creating a multi-sensory hook (sound + rhythm + words).

### #2 — **"Neon Tears"** (Target: 150 words)
**Hook Type:** Visual + Emotional + Atmospheric.
**The Hook:** The oxymoronic image *"Neon tears on a pixelated face"* from the pre-chorus, used as a recurring ad-lib and visual motif.
**Viral Potential (Very High):** Extremely **aesthetic and visually viral**. Ideal for mood-driven TikTok/Instagram Reels (sad-girl aesthetic, cyberpunk glamour, rain-slicked street visuals). The contrast (bright neon vs. sad tears) is instantly captivating and quotable. Drives user-generated content focused on emotion and style rather than just dance.
**Chart Trajectory (High but Niche):** Strong for streaming depth and narrative building. Less immediately radio-friendly than #1 due to its abstract, melancholic quality, but it creates a **distinctive sonic brand** that helps the song stand out in a crowded market. Drives long-term cultural association with a specific mood.
**Associated Earworm Motif:** A **high, filtered vocal sample** ("ah-neon-tears...") that echoes and glitches, becoming a textural hook that appears in the intro and post-chorus.

### #3 — **"Glitch in the System"** (Target: 150 words)
**Hook Type:** Conceptual + Attitudinal + Identity-Based.
**The Hook:** The identity claim *"We're just a glitch in the system"* used as a pre-chorus declaration and bridge mantra.
**Viral Potential (High/Niche):** Speaks directly to **cyberpunk, gaming, and tech cultures**. Perfect for meme formats ("when you're a glitch in the system" for relatable fails). Drives high engagement from core genre fans and creates a tribal identity. Barrier to mass mainstream is its abstract, defiant stance.
**Chart Trajectory (Moderate but Deep):** This is the **"critic and core fan" hook**. It defines the song's concept and will be quoted in reviews and by superfans. Drives album/song narrative depth, improving long-term streaming retention and cultural staying power, but likely not the lead radio single hook. Excellent for building a loyal fanbase narrative.
**Associated Earworm Motif:** A **stuttering, glitched vocal chop** of the phrase "glitch in the..." that cuts in and out, creating a rhythmic, mechanical hook that appears in the intro and pre-drop buildup.

---

## Core Earworm Motif (The Non-Negotiable Anchor) (Target: 150 words)
**The "Neon Pulse" Synth Riff:** A 4-note melodic phrase (**G# - E - F# - D#** in a bright minor with raised 6th) played on a lead synth with a **short, percussive envelope** (instant attack, short decay, no sustain, tight release). It is the song's **sonic fingerprint** and must appear:
1.  As the central instrumental hook after the first chorus.
2.  Underlying the final chorus with "Digital Heartbeat."
3.  As the primary melodic element in the instrumental drop/break.
4.  In the outro, fading in and out as the track's final memory.

**Why It's the Core:** It is rhythmically and melodically simple enough to hum after one listen, but harmonically distinctive (raised 6th gives Korean melodic inflection). Its **staccato attack mimics a blinking neon sign, a data ping, or a heartbeat monitor**—physiologically engaging. It's the **scent** of the song. This motif **binds all three lyrical hooks together physically**. "Digital Heartbeat" rides its pulse. "Neon Tears" shimmer over its arpeggiation. "Glitch in the System" gets chopped onto its rhythm. It is the one element that must be **sonic trademarked**—the first two notes should trigger instant recognition globally.[MarieEngine] Depth 0: Turn content length: 5436. New accumulated length: 5436

💭 ✨ Convergence achieved. The pattern sparks joy.
[MarieEngine] chatLoop finished at depth 0. Final content length: 5436
   [DEBUG] Captured response length: 5436
📝 [17:15:37] Ch2/OUTLINE: Outline: captured 788w
   ✅ Complete. Next: RECORDING

📖 MUSIC_STUDIO: "Neon Dreams" | PASS: RECORDING
   ✍️  Drafting Content (Quantum Mode)...
   🧠 Injected World Context (Neon, Hook, Target...)
   ⚛️  Generating 3 content variants...
   [DEBUG] Attempt 1: Resumption=false, Stream=None
   [DEBUG] Attempt 1: Resumption=false, Stream=None
   [DEBUG] Attempt 1: Resumption=false, Stream=None
[MarieEngine] chatLoop started at depth 0. Accumulated content length: 0
[INFO] Marie is tidying up conversation history (110859 tokens)...
[MarieEngine] chatLoop started at depth 0. Accumulated content length: 0
[MarieEngine] TURN COLLISION DETECTED. Waiting for previous turn to finalize...

💭 ⏳ TURN COLLISION: Another AI turn is active. Queuing reasoning loop...
[MarieEngine] chatLoop started at depth 0. Accumulated content length: 0
[MarieEngine] TURN COLLISION DETECTED. Waiting for previous turn to finalize...

💭 ⏳ TURN COLLISION: Another AI turn is active. Queuing reasoning loop...
[INFO] Marie finished tidying. Tokens reduced from 110859 to 107797.
[MarieSession] Execution aborted. History will NOT be updated for this turn.
[MarieSession] Restoring messages array to pre-run state due to abort.
[MarieEngine] Depth 0: Turn content length: 0. New accumulated length: 0

💭 ✨ Convergence achieved. The pattern sparks joy.
[MarieEngine] chatLoop finished at depth 0. Final content length: 0
[INFO] Marie is tidying up conversation history (110859 tokens)...
[INFO] Marie is tidying up conversation history (110859 tokens)...
   [DEBUG] Captured response length: 0
📝 [17:16:12] Ch2/DRAFT: Variant STANDARD: too short (0w). Retry 2...
   [DEBUG] Attempt 2: Resumption=false, Stream=None
[MarieEngine] chatLoop started at depth 0. Accumulated content length: 0
[MarieEngine] TURN COLLISION DETECTED. Waiting for previous turn to finalize...

💭 ⏳ TURN COLLISION: Another AI turn is active. Queuing reasoning loop...
[INFO] Marie finished tidying. Tokens reduced from 110859 to 108003.
[INFO] Marie finished tidying. Tokens reduced from 110859 to 107838.
   [DEBUG] First chunk received (len: 22)
# HOOK ISOLATION: Neon Dreams

## Overview: The Extraction Mission
From the studio brief's core concept—a cyberpunk Seoul anthem about digital romance and high-energy defiance—we isolate the three most potent lyrical/emotional hooks and the singular core musical motif. The goal is to identify what will cut through the noise, dominate TikTok, and sustain chart momentum. We evaluate each on **Viral Potential** (shareability, challenge-ability, meme-ability) and **Chart Trajectory** (radio suitability, sing-along factor[MarieSession] Execution aborted. History will NOT be updated for this turn.
[MarieSession] Restoring messages array to pre-run state due to abort.
[MarieEngine] Depth 0: Turn content length: 0. New accumulated length: 0

💭 ✨ Convergence achieved. The pattern sparks joy.
[MarieEngine] chatLoop finished at depth 0. Final content length: 0
   [DEBUG] Captured response length: 0
📝 [17:16:31] Ch2/DRAFT: Variant CREATIVE: too short (0w). Retry 2...
, crossover appeal). The winning combination must bridge K-pop's melodic precision with Western electropop's atmospheric storytelling, creating an unavoidable sensory event. This analysis determines the production, marketing, and mixing priorities. The right hook makes the song; the wrong one makes a footnote.

---

## Ranked Hooks by Viral Potential & Chart Trajectory

### #1 — "Digital Heartbeat"
**Hook Type:** Lyrical + Sonic + Physical (Rhythmic).  
**The Hook:** The chorus lyric *"I feel your digital heartbeat"* fused with a **sub-bass pulse** (thump-thump… thump-thump) that mimics a heartbeat under the synth riff. It frames connection as a biological signal within the machine.  

**Viral Potential (Highest):** Instantly relatable metaphor for human connection in a tech-saturated world. The physical heartbeat sound is **TikTok gold**—syncs perfectly with dance moves, couple challenges, and "heart rate" filters. Lyrical simplicity translates across languages. The phrase itself is emotionally warm yet techy, perfect for captions. It’s a built-in trend: #DigitalHeartbeat.  

**Chart Trajectory (Highest):** Perfect for mainstream pop radio. Clear, emotional, and repeatable. Bridges K-pop's melodic strength with Western electropop's themes of digital intimacy (cf. The Weeknd's "Blinding Lights"). This is the **primary sing-along moment** and will drive streaming saves. Radio directors will pick this hook immediately. It works at 30 seconds or 3 minutes.  

**Associated Earworm Motif:** The **"Neon Pulse" synth riff** plays directly underneath this lyric, locking the sound to the phrase and creating a multi-sensory hook (sound + rhythm + words).

---

### #2 — "Neon Tears"
**Hook Type:** Visual + Emotional + Atmospheric.  
**The Hook:** The oxymoronic image *"Neon tears on a pixelated face"* from the pre-chorus, used as a recurring ad-lib and visual motif.  

**Viral Potential (Very High):** Extremely **aesthetic and visually viral**. Ideal for mood-driven TikTok/Instagram Reels (sad-girl aesthetic, cyberpunk glamour, rain-slicked street visuals). The contrast (bright neon vs. sad tears) is instantly captivating and quotable. Drives user-generated content focused on emotion and style rather than just dance. It’s a picture you can hear.  

**Chart Trajectory (High but Niche):** Strong for streaming depth and narrative building. Less immediately radio-friendly than #1 due to its abstract, melancholic quality, but it creates a **distinctive sonic brand** that helps the song stand out   [DEBUG] Attempt 2: Resumption=false, Stream=None
[MarieEngine] chatLoop started at depth 0. Accumulated content length: 0
[INFO] Marie is tidying up conversation history (112908 tokens)...
 in a crowded market. Drives long-term cultural association with a specific mood—the cyberpunk romance aesthetic. It’s the song’s emotional signature.  

**Associated Earworm Motif:** A **high, filtered vocal sample** ("ah-neon-tears…") that echoes and glitches, becoming a textural hook that appears in the intro and post-chorus.

---

### #3 — "Glitch in the System"
**Hook Type:** Conceptual + Attitudinal + Identity-Based.  
**The Hook:** The identity claim *"We're just a glitch in the system"* used as a pre-chorus declaration and bridge mantra.  

**Viral Potential (High/Niche):** Speaks directly to **cyberpunk, gaming, and tech cultures**. Perfect for meme formats ("when you're a glitch in the system" for relatable fails). Drives high engagement from core genre fans and creates a tribal identity. Barrier to mass mainstream is its abstract, defiant stance—it’s a banner, not a love song.  

**Chart Trajectory (Moderate but Deep):** This is the **"critic and core fan" hook**. It defines the song's concept and will be quoted in reviews and by superfans. Drives album/song narrative depth, improving long-term streaming retention and cultural staying power, but likely not the lead radio single hook. Excellent for building a loyal fanbase narrative that sustains the track for months.  

**Associated Earworm Motif:** A **stuttering, glitched vocal chop** of the phrase "glitch in the…" that cuts in and out, creating a rhythmic, mechanical hook that appears in the intro and pre-drop buildup.

---

## Core Earworm Motif (The Non-Negotiable Anchor)
**The "Neon Pulse" Synth Riff:** A 4-note melodic phrase (**G# - E - F# - D#** in a bright minor with raised 6th) played on a lead synth with a **short, percussive envelope** (instant attack, short decay, no sustain, tight release). It is the song's **sonic fingerprint** and must appear:
1.  As the central instrumental hook after the first chorus.
2.  Underlying the final chorus with "Digital Heartbeat."
3.  As the primary melodic element in the instrumental drop/break.
4.  In the outro, fading in and out as the track's final memory.

**Why It's the Core:** It is rhythmically and melodically simple enough to hum after one listen, but harmonically distinctive (raised 6th gives Korean melodic inflection). Its **staccato attack mimics a blinking neon sign, a data ping, or a heartbeat monitor**—physiologically engaging. It's the **scent** of the song. This motif **binds all three lyrical hooks together physically**. "Digital Heartbeat" rides its pulse. "Neon Tears" shimmer over its arpeggiation. "Glitch in the System" gets chopped onto its rhythm. It is the one element that must be **sonic trademarked**—the first two notes should trigger instant recognition globally. Without this riff, the song loses its identity. It is the hook that makes all other hooks possible.[MarieEngine] Depth 0: Turn content length: 5891. New accumulated length: 5891

💭 ✨ Convergence achieved. The pattern sparks joy.
[MarieEngine] chatLoop finished at depth 0. Final content length: 5891
[INFO] Marie is tidying up conversation history (114970 tokens)...
   [DEBUG] Captured response length: 5891
📝 [17:16:38] Ch2/DRAFT: Variant DIRECT: captured 860w
[INFO] Marie finished tidying. Tokens reduced from 112908 to 108231.
[INFO] Marie finished tidying. Tokens reduced from 114970 to 104725.
   [DEBUG] First chunk received (len: 71)
# HOOK ISOLATION: Neon Dreams

## Overview: The Extraction Mission
From the studio brief's core concept—a cyberpunk Seoul anthem about digital romance and high-energy defiance—we isolate the three most potent lyrical/emotional hooks and the singular core musical motif. The goal is to identify what will cut through the noise, dominate TikTok, and sustain chart momentum. We evaluate each on **Viral Potential** (shareability, challenge-ability, meme-ability) and **Chart Trajectory** (radio suitability, sing-along factor, crossover appeal). The winning combination must bridge K-pop's melodic precision with Western electropop's atmospheric storytelling, creating an unavoidable sensory event. This is not just songwriting; it is cultural engineering. We are not crafting a track—we are designing a neurotransmitter for the global digital psyche. The extracted hooks will become the primary vectors for transmission, each engineered to latch onto a different neural network: the rhythmic spine, the visual cortex, and the identity-forming tribal mind. The core motif is the key that unlocks them all.

---

## Ranked Hooks by Viral Potential & Chart Trajectory

### #1 — "Digital Heartbeat"
**Hook Type:** Lyrical + Sonic + Physical (Rhythmic).
**The Hook:** The chorus lyric *"I feel your digital heartbeat"* fused with a **sub-bass pulse** (thump-thump... thump-thump) that mimics a heartbeat under the synth riff. It frames connection as a biological signal within the machine.
**Viral Potential (Highest):** This is the **universal translator**. The metaphor is immediate and visceral—finding a pulse in the static. The physical heartbeat sound is **TikTok gold**; it syncs perfectly with dance moves (a chest-tap gesture), couple challenges (placing hands over each other's hearts), and "heart rate" filters. The lyric is short, warm, and tech-poetic, translating flawlessly from Korean to English to Spanish. It’s captions-ready: *"Found my digital heartbeat in the crowd 💓 #NeonDreams"*.
**Chart Trajectory (Highest):** This is the **radio与 streaming nexus**. The phrase is clear, emotional, and repeatable, bridging K-pop's melodic strength with Western electropop's themes of digital intimacy (cf. The Weeknd's "Blinding Lights"). It’s the primary sing-along moment that will drive streaming saves and radio requests. It works in a 30-second clip and a 4-minute journey. This hook is the **commercial engine**, ensuring the song lives in playlists from "Today's Top Hits" to "Peaceful Piano" (in a slowed, ambient remix).
**Associated Earworm Motif:** The **"Neon Pulse" synth riff** plays directly underneath this lyric, locking the sound to the phrase. The sub-bass pulse *becomes* the digital heartbeat, creating a multi-sensory hook where the listener *feels* the lyric in their chest. This is the critical fusion: word   [DEBUG] First chunk received (len: 58)
# HOOK ISOLATION: Neon Dreams

## Overview: The Extraction + sound + physical sensation.

### #2 — "Neon Tears"
**Hook Type:** Visual + Emotional + Atmospheric.
**The Hook:** The ox Mission

In the neon-drenched sprawl of a cyberpunk Seoul, a track is born not from chaos, but from calculated brilliance. This is the extraction mission:ymoronic image *"Neon tears on a pixelated face"* from the pre-chorus, used as a recurring ad-lib and visual to surgically isolate the atomic hooks that will turn *Neon Dreams* from a studio project into a global motif.
**Viral Potential (Very High):** This phenomenon. We are not guessing; we are engineering virality. From the studio brief’s core concept—a high-energy K-pop anthem about digital romance and defiant connection in is the **aesthetic anchor**. It’s not a machine-dominated just a lyric; it’s a **visual template**. The contrast (bright neon vs. sad tears) is instantly captivating and quotable. It fuels mood-driven TikTok/Instagram Reels—the "sad-girl cyber world—we have identified the three most potent lyrical/emotional hooks and the singular core musical motif that mustanchor the entirepunk" aesthetic, rain-slicked street visuals with holographic reflections, close-ups operation.

Our evaluation on faces with LED tears. It drives UGC focused on emotion and style, not just dance. The phrase is inherently Instagram-c矩阵 is dual-axis: **Viral Potential** (shareability, challenge-ability, meme-ability, visual capturability) and **Chartaptionable: *"Crying neon tears in a pixelated world 😭🌃" Trajectory** (radio suitability, sing-along factor, crossover appeal, streaming longevity). The winning*.
**Chart Trajectory (High but Niche):** Its strength is in **streaming depth and narrative branding**. Less immediately radio-friendly than #1 due to its abstract, melancholic combination must bridge K-pop's quality, but it creates a **distinctive sonic and visual brand** that makes the song unforgettable in a crowded market. It’s the hook that will be featured in mood playlists ("Melancholy Hyperpop," "Cyberpunk Vibes") and film/TV syncs for emotional, melodic precision with Western electropop's atmospheric storytelling, creating rain-soaked scenes. It drives long-term an unavoidable sensory event that dominates TikTok *and* Billboard. This is not art alone; it isaudio architecture. The right hook cuts cultural association with a specific mood—yearning in the digital age.
**Associated Earworm Motif:** A through noise; the wrong one becomes background static. We are here to find the blade.

---

## Ranked Hooks by Viral Potential & Chart Trajectory

### #1 — **high, filtered vocal sample** (" "Digital Heartbeat"

**Hookah-neon-tears...") that echoes and glitches, Type:** Lyrical + Sonic + Physical (Rhythmic).  
**The Hook:** The chorus lyric *"I feel your digital heartbeat"* fused with a **sub-bass pulse** (thump becoming a textural ghost in the track. It appears in the intro as a distant whisper-thump… thump-thump) that mimics a and haunts the post-ch heartbeat under the synth riff. Itorus, a subliminal signal frames connection as a biological signal within the machine—a pulse that reinforces the visual of humanity in the code.

**Viral Potential (Highest):** This concept in the listener's mind is the **TikTok masterkey**. The metaphor is instantly relatable in a world where we without them knowing meet lovers through screens and why.

### #3 — "Glitch in the System feel proximity through vibrations. The physical heartbeat sound is **algorithmic candy"
**Hook Type:** Conceptual + Attitudinal + Identity-Based**—it syncs perfectly with dance moves (chest taps.
**The Hook:** The identity claim *"We're just a, hand-over-heart gestures), couple challenges (s glitch in the system"* usedynchronized pulse reactions), and "heart rate" filter trends. The lyric is short, warm as a pre-chorus declaration and bridge, and tech-poetic, making it caption-ready across languages mantra.
**Viral Potential (High/Niche):** This is the **tribal tattoo**. It speaks directly to **cyberpunk, gaming, and tech cultures**. Perfect for meme formats ("when you're a glitch in the system" for relatable fails, chaotic moments). It creates a tribal identity—fans aren't just listeners, they're *glitches*. Drives high engagement from core genre fans and creates a community. The barrier is its abstract, defiant stance; it’s less for casual listeners, more for those who want to *belong* to a concept.
**Chart Trajectory (Moderate but Deep):** This is the **"critic and core fan" hook**. It defines the song's concept and will be quoted in reviews (Pitchfork, Rolling Stone) and by superf. #DigitalHeartbeat isn't just a tag; it'sans in discourses about a movement waiting to happen. The hook lives in the body, not just the ear.

**Chart Trajectory (Highest):** This is the radio rocket fuel. Clear, emotional, and hypnotically repeatable. It bridges K-pop's melodic gift with Western electropop's thematic core (cf. The Weeknd's *Blinding Lights*, Dua Lipa's *Levitating*). The phrase lands in under three seconds—perfect for shuffle plays and radio intros. It's the **primary sing-along moment**, the lyric fans will scream at concerts and save to playlists. Streaming algorithms will love its repeat value. This hook doesn't just open doors; it kicks them down.

**Associated Earworm Motif:** The **"Neon Pulse" synth riff** plays directly underneath this lyric, locking the sound to the phrase. The result is a **multi-sensory lock**: you the song's meaning. It drives album/song narrative depth, improving long-term streaming retention and cultural staying power—the song isn hear the riff, you feel the bass th't just a hit, it's a *manifesto*. Howeverump, you say the words. This is the song's handshake with the world.

---

### #2 — "Neon Tears"

**Hook Type, its abstract nature makes:** Visual + Emotional + Atmospheric.  
**The Hook:** The oxymoronic image *"Neon tears on a pixelated face"* from the pre it unlikely to be the primary radio single hook. Its-chorus, used as a recurring ad power is in building a **loyal, narrative-in-lib and visual motif. It’s a glitch in the emotion—beauty in the breakdown.

**Viralvested fanbase** that will champion the track for years.
**Associated Earworm Motif:** A ** Potential (Very High):** This is the **Instagram Reels & moodstuttering, glitched vocal chop** of the phrase "glitch in the..." that cuts in and out, creating a rhythmic, mechanical hook. It appears in the intro-TikTok godsend**. The, distorted and fragmented, and in the pre-drop buildup, creating a sense of systemic contrast is cinematic: bright, electric malfunction. It’s the sound of the concept itself.

---

## Core Earworm Motif (The Non-Negotiable Anchor)
**The "Neon Pulse" Synth Riff:** A 4-note melodic phrase (**G# - E - F# - D#** in a bright minor with raised 6th—a borrowed neon against sad, pixelated tears. It’s instantly aesthetic—perfect for cyberpunk glamour shots, rain-slicked street visuals, and the "sad-girl in tone from the Korean pentatonic scale) played on a lead synth with a **short, percussive envelope** (instant attack, the city" trend. The image is so strong it becomes a meme template: * short decay, no sustain, tight release). It is the song's **sonic fingerprint** and must appear:
1.  As the central instrumental hook after the first choruswhen you're crying but the city is glowing*. Drives UGC not about dance, but about **vibe**.
2.  Underlying the final chorus with "Digital Heartbeat."
3.  As the primary melodic element in the instrumental drop/break.
4.  In the outro, fading in—the emotional texture of the track. It's a picture you can hear, and a sound you can see.

**Chart Trajectory ( and out as the track's final memory.

**Why It's the Core:** It is rhythmically and melodically simple enough to hum after one listen, but harmonically distinctive.High but Niche):** Less immediately radio-friendly than #1 due to its abstract, melancholic quality, but it for The **raised 6th (F# in a G#ges a **distinctive sonic brand**. In a sea of generic pop, this lyric makes the song *rememberable*. It builds narrative depth—streaming listeners will return for the story, the feeling. It creates a long-term cultural association: *Neon Dreams minor context)** gives it a Korean melodic inflection, a subtle cultural watermark. Its **staccato attack mimics a blinking neon sign, a data ping, or a heartbeat monitor**—physiologically engaging. It’s the **scent** of the song. This motif **binds all three lyrical hooks together physically**. "Digital Heartbeat" rides its pulse—the sub-bass aligns with its rhythm* isn't just a banger; it's a **mood**, a whole aesthetic universe. "Neon Tears" shimmer over its ar. That sustains streams for months after the radio cycle fades.

**Associated Earworm Motif:** Apeggiation—the synth stabs become the neon flicker **high, filtered vocal sample** ("ah-neon-tears…") that echoes and glitches. This textural hook appears in the intro and post-chorus, a ghostly sigh. "Glitch in the System" gets chopped onto its rhythm—the riff is stuttered and corrupted. It is the one element that must be **sonic trademarked**—the that signals the emotional turn. first two notes (G#- It’s the sigh in the Machinery.

---

### #3 — "Glitch in the System"

**Hook Type:** Conceptual + Attitudinal + Identity-Based.  
**The Hook:** The identity claim *"We're just a glitch in the system"E) should trigger instant, global recognition. This is the **hook* used as a pre-chorus declaration and bridge mantra. It’s a banner for the outsiders, the digital romantics who's hook**, the gravitational center around which all other hooks orbit. Without it, the song is a don't belong but connect anyway.

**Viral Potential (High/Niche):** This speaks directly to collection of ideas. With it, the song is a **cohesive, **cyberpunk, gaming, and tech tribes**. It's perfect for meme formats ("when you're a glitch in the system" for unavoidable force**. It is the non-negotiable anchor, the single point of failure if removed.[MarieEngine] Depth 0: Turn content length: 7814. New accumulated length: 7814

💭 ✨ Convergence achieved. The pattern sparks joy.
[MarieEngine] chatLoop finished at depth 0. Final content length: 7814
   [DEBUG] Captured response length: 7814
📝 [17:17:05] Ch2/DRAFT: Variant CREATIVE: captured 1170w
 relatable fails, for feeling like an outsider). It creates a **tribal identity**—fans will adopt it as a username, a bio, a mindset. The barrier to mass mainstream is its abstract defiance; it's not a love lyric, it's a **manifesto**. But for core engagement, it's gold. It turns listeners into members of a movement.

**Chart Trajectory (Moderate but Deep):** This is the **"critic and core fan" hook**. It defines the song's concept and will be quoted in reviews, tutorials, and by superfans in commentaries. It drives album/song narrative depth, improving long-term streaming retention and cultural staying power. It's likely not the lead radio single hook, but it's the **reason the album matters**. It builds a loyal fanbase narrative that sustains touring and merchandise for years.

**Associated Earworm Motif:** A **stuttering, glitched vocal chop** of the phrase "glitch in the…" that cuts in and out, creating a rhythmic, mechanical hook. It appears in the intro and pre-drop buildup—a robotic stutter that signals something broken and beautiful.

---

## Core Earworm Motif (The Non-Negotiable Anchor)

**The "Neon Pulse" Synth Riff:** A 4-note melodic phrase (**G# - E - F# - D#** in a bright minor with raised 6th) played on a lead synth with a **short, percussive envelope** (instant attack, short decay, no sustain, tight release). It is the song's **sonic fingerprint** and must appear:

1.  As the central instrumental hook after the first chorus.
2.  Underlying the final chorus with "Digital Heartbeat."
3.  As the primary melodic element in the instrumental drop/break.
4.  In the outro, fading in and out as the track's final memory.

**Why It's the Core:** It is rhythmically and melodically simple enough to hum after one listen, but harmonically distinctive (the raised 6th infuses a Korean melodic sensitivity into a Western synth framework). Its **staccato attack mimics a blinking neon sign, a data ping, or a heartbeat monitor**—physiologically engaging. It's the **scent** of the song. This motif **binds all three lyrical hooks together physically**: "Digital Heartbeat" rides its pulse; "Neon Tears" shimmer over its arpeggiation; "Glitch in the System" gets chopped onto its rhythm. It is the one element that must be **sonic trademarked**—the first two notes should trigger instant recognition globally. Without this riff, the song loses its identity. It is the hook that makes all other hooks possible. It is the neon in the dream.[MarieEngine] Depth 0: Turn content length: 7568. New accumulated length: 7568

💭 ✨ Convergence achieved. The pattern sparks joy.
[MarieEngine] chatLoop finished at depth 0. Final content length: 7568
   [DEBUG] Captured response length: 7568
📝 [17:17:08] Ch2/DRAFT: Variant STANDARD: captured 1148w
[MarieEngine] chatLoop started at depth 0. Accumulated content length: 0
[INFO] Marie is tidying up conversation history (110690 tokens)...
[INFO] Marie finished tidying. Tokens reduced from 110690 to 96088.
   [DEBUG] First chunk received (len: 1)
1[MarieEngine] Depth 0: Turn content length: 1. New accumulated length: 1

💭 ✨ Convergence achieved. The pattern sparks joy.
[MarieEngine] chatLoop finished at depth 0. Final content length: 1
   🏆 Selected Variant 1: CREATIVE
   ✅ Complete. Next: RE_AMPING

📖 MUSIC_STUDIO: "Neon Dreams" | PASS: RE_AMPING
   🔌 Re-Amping Prose (Recursive Layering)...
   [DEBUG] Attempt 1: Resumption=false, Stream=None
[MarieEngine] chatLoop started at depth 0. Accumulated content length: 0
[INFO] Marie is tidying up conversation history (98969 tokens)...
[INFO] Marie finished tidying. Tokens reduced from 98969 to 88815.
   [DEBUG] First chunk received (len: 83)
# HOOK ISOLATION: Neon Dreams

## Overview: The Extraction Mission

In the electric pulse of a cyberpunk Seoul—where neon bleeds into rain-slicked streets and digital ghosts whisper through the static—we embark on an extraction mission. From the studio brief’s core concept: a high-energy anthem of digital romance and defiant connection in the machine age, we surgically isolate the atomic hooks that will turn *Neon Dreams* from studio code into global legend. This is not guesswork; it is engineering virality. We hunt for the three lyrical-emotional vectors and the one core musical motif that will cut through the noise, dominate TikTok’s fever dream, and sustain a Billboard reign. We judge each by dual axes: **Viral Potential** (shareability, challenge-ability, meme-ability) and **Chart Trajectory** (radio magnetism, sing-along inevitability, crossover sovereignty). The winning fusion must marry K-pop’s melodic precision with Western electropop’s atmospheric storytelling—creating an unavoidable sensory event that doesn’t just play, but *inhabits*. We are not crafting a track; we are designing a neurotransmitter for the global digital psyche. The extracted hooks are the primary vectors; the core motif is the key that unlocks them all.

---

## Ranked Hooks by Viral Potential & Chart Trajectory

### #1 — Digital Heartbeat

**Hook Type:** Lyrical + Sonic + Physical (Rhythmic).  
**The Hook:** The chorus lyric *"I feel your digital heartbeat"* fused with a **sub-bass pulse** (thump-thump… thump-thump) that mimics a heartbeat under the synth riff. It frames connection as a biological signal within the machine—a pulse of humanity in the code.

**Viral Potential (Highest):** This is the **universal translator**—the human pulse beating through the machine’s static. In a city of neon and noise, the metaphor is immediate and visceral: a heartbeat in the digital storm. The sub-bass pulse is **TikTok alchemy**; it syncs with the chest-tap dance, the couple’s hand-over-heart challenge, the "heart rate" filter frenzy. The lyric—short, warm, tech-poetic—translates flawlessly across tongues, a caption-ready spark: *"Found my digital heartbeat in the Seoul crowd 💓 #NeonDreams"*. It’s the song’s emotional core, the place where the cyberpunk chill meets human warmth. This hook doesn’t just ask for attention; it *thumps* for it.

**Chart Trajectory (Highest):** This is the **radio与 streaming nexus**. The phrase is clear, emotional, and hypnotically repeatable, bridging K-pop’s melodic gift with Western electropop’s themes of digital intimacy (cf. The Weeknd’s *Blinding Lights*, Dua Lipa’s *Levitating*). It’s the primary sing-along moment that will drive streaming saves and radio requests. It works in a 30-second clip and a 4-minute journey. This hook is the **commercial engine**, ensuring the song lives in playlists from "Today’s Top Hits" to "Peaceful Piano" (in a slowed, ambient remix). It’s the high-frequency energy that powers the track’s domination.

**Associated Earworm Motif:** The **"Neon Pulse" synth riff** plays directly underneath this lyric, locking the sound to the phrase. The result is a **multi-sensory lock**: you hear the riff, you feel the bass thump, you say the words. This is the song’s handshake with the world—the moment the digital becomes tangible.

---

### #2 — Neon Tears

**Hook Type:** Visual + Emotional + Atmospheric.  
**The Hook:** The oxymoronic image *"Neon tears on a pixelated face"* from the pre-chorus, used as a recurring ad-lib and visual motif. It’s a glitch in the emotion—beauty in the breakdown.

**Viral Potential (Very High):** This is the **aesthetic anchor**—a glitch of beauty in the breakdown. It’s not just a lyric; it’s a **visual template** born for the feed. The contrast (bright neon vs. sad tears) is instantly cinematic: the cyberpunk rain scene, the holographic reflection in a tear-streaked window, LED tears on a masked face. It fuels the "sad-girl cyberpunk" wave on TikTok and Instagram, where emotion trumps dance and style is the story. The phrase is a caption waiting to happen: *"crying neon tears in a pixelated world 😭🌃"*. It’s the song’s melancholy heart, the place where high-frequency energy meets human fragility. In the neon glow, sadness becomes aesthetic.

**Chart Trajectory (High but Niche):** Its strength is in **streaming depth and narrative branding**. Less immediately radio-friendly than #1 due to its abstract, melancholic quality, but it forges a **distinctive sonic and visual brand** that makes the song unforgettable in a crowded market. It’s the hook that will be featured in mood playlists ("Melancholy Hyperpop," "Cyberpunk Vibes") and film/TV syncs for emotional, rain-soaked scenes. It drives long-term cultural association with a specific mood—yearning in the digital age. This is the hook that turns a hit into a *moment*.

**Associated Earworm Motif:** A **high, filtered vocal sample** ("ah-neon-tears…") that echoes and glitches, becoming a textural ghost in the track. It appears in the intro as a distant whisper and haunts the post-chorus, a subliminal signal that reinforces the visual concept in the listener’s mind without them knowing why. It’s the sigh in the machinery.

---

### #3 — Glitch in the System

**Hook Type:** Conceptual + Attitudinal + Identity-Based.  
**The Hook:** The identity claim *"We're just a glitch in the system"* used as a pre-chorus declaration and bridge mantra. It’s a banner for the outsiders, the digital romantics who don’t belong but connect anyway.

**Viral Potential (High/Niche):** This is the **tribal tattoo**—a banner for the outsiders, the digital romantics who don’t belong but connect anyway. *"We're just a glitch in the system"* is the mantra for the cyberpunk underground, the gaming guild, the tech misfit. It’s meme-born and meme-ready: *"when you're a glitch in the system"* for every chaotic, relatable fail. It forges a tribal identity—fans aren’t just listeners; they’re *glitches*, part of a movement. The barrier is its abstract defiance; it’s not for the casual, but for those who crave a concept to wear. This hook builds a fortress of loyalists, a community that will champion the track as a manifesto.

**Chart Trajectory (Moderate but Deep):** This is the **"critic and core fan" hook**. It defines the song’s concept and will be quoted in reviews (Pitchfork, Rolling Stone) and by superfans in commentaries about the song’s meaning. It drives album/song narrative depth, improving long-term streaming retention and cultural staying power—the track isn’t just a hit, it’s a *manifesto*. However, its abstract nature makes it unlikely to be the primary radio single hook. Its power is in building a **loyal, narrative-invested fanbase** that will champion the track for years, turning it into a cult classic that outlives the charts.

**Associated Earworm Motif:** A **stuttering, glitched vocal chop** of the phrase "glitch in the…" that cuts in and out, creating a rhythmic, mechanical hook. It appears in the intro, distorted and fragmented, and in the pre-drop buildup, creating a sense of systemic malfunction. It’s the sound of the concept itself—the beautiful error in the code.

---

## Core Earworm Motif (The Non-Negotiable Anchor)

**The "Neon Pulse" Synth Riff:** A 4-note mantra (**G# - E - F# - D#**) in a bright minor with a raised 6th—a whisper of Korean pentatonic soul in the synth storm. Played with a staccato attack, it’s the blink of a neon sign, the ping of data, the thump of a digital heart. This is the song’s **sonic fingerprint**, the non-negotiable anchor. It must appear:

1.  As the central instrumental hook after the first chorus—the moment the song *breathes*.
2.  Underlying the final chorus with "Digital Heartbeat"—the fusion of human and machine.
3.  As the primary melodic element in the instrumental break—the pure, unadorned neon.
4.  In the outro, fading like a city-light afterimage.

**Why It's the Core:** It’s simple enough to hum after one beat, but harmonically loaded. The raised 6th (F# in G# minor) is a subtle cultural watermark, a Korean melodic sigh in the electronic cascade. Its staccato attack is physiological—it mimics a heartbeat monitor, a neon blink, a data ping. It’s the **scent** of the song. This motif **binds all three lyrical hooks physically**: "Digital Heartbeat" rides its pulse; "Neon Tears" shimmer on its arpeggiation; "Glitch in the System" is chopped onto its rhythm. It is the **hook’s hook**, the gravitational center. Without it, the song is scattered signals. With it, the song is a cohesive, unavoidable force—the neon in the dream, the pulse in the static, the glitch that becomes the system. It must be sonic trademarked; the first two notes should trigger global recognition. It is the one element that, if removed, collapses the whole architecture. It is the neon in the dream.[MarieEngine] Depth 0: Turn content length: 8866. New accumulated length: 8866

💭 ✨ Convergence achieved. The pattern sparks joy.
[MarieEngine] chatLoop finished at depth 0. Final content length: 8866
   [DEBUG] Captured response length: 8866
📝 [17:18:02] Ch2/RE_AMPING: Re-Amped Recording: captured 1375w
   ✅ Complete. Next: POLARIZATION

📖 MUSIC_STUDIO: "Neon Dreams" | PASS: POLARIZATION
   ⚡ Injecting Polarization (The Edge)...
   [DEBUG] Attempt 1: Resumption=false, Stream=None
[MarieEngine] chatLoop started at depth 0. Accumulated content length: 0
[INFO] Marie is tidying up conversation history (95146 tokens)...
[INFO] Marie finished tidying. Tokens reduced from 95146 to 85050.
   [DEBUG] First chunk received (len: 58)
# HOOK ISOLATION: Neon Dreams

## Overview: The Extraction Mission

In the electric pulse of a cyberpunk Seoul—where neon bleeds into rain-slicked streets and digital ghosts whisper through the static—we embark on an extraction mission. From the studio brief’s core concept: a high-energy anthem of digital romance and defiant connection in the machine age, we surgically isolate the atomic hooks that will turn *Neon Dreams* from studio code into global legend. This is not guesswork; it is engineering virality. We hunt for the three lyrical-emotional vectors and the one core musical motif that will cut through the noise, dominate TikTok’s fever dream, and sustain a Billboard reign. We judge each by dual axes: **Viral Potential** (shareability, challenge-ability, meme-ability) and **Chart Trajectory** (radio magnetism, sing-along inevitability, crossover sovereignty). The winning fusion must marry K-pop’s melodic precision with Western electropop’s atmospheric storytelling—creating an unavoidable sensory event that doesn’t just play, but *inhabits*. We are not crafting a track; we are designing a neurotransmitter for the global digital psyche. The extracted hooks are the primary vectors; the core motif is the key that unlocks them all.

**The Edge:** This analysis assumes the gravity well is inevitable. But what if it’s not? What if the real power lies not in tuning the field, but in *shattering it*? The hooks we’re extracting are tools for domination *within* the system. But the most dangerous, most viral idea isn’t in the hooks at all—it’s in the question they avoid: *Who gets to define the gravity?* That is the unignorable conversation starter. This track isn’t just a hit; it’s a prototype. And the prototype reveals the cage.

---

## Ranked Hooks by Viral Potential & Chart Trajectory

### #1 — Digital Heartbeat

**Hook Type:** Lyrical + Sonic + Physical (Rhythmic).  
**The Hook:** The chorus lyric *"I feel your digital heartbeat"* fused with a **sub-bass pulse** (thump-thump… thump-thump) that mimics a heartbeat under the synth riff. It frames connection as a biological signal within the machine—a pulse of humanity in the code.

**Viral Potential (Highest):** This is the **universal translator**—the human pulse beating through the machine’s static. In a city of neon and noise, the metaphor is immediate and visceral: a heartbeat in the digital storm. The sub-bass pulse is **TikTok alchemy**; it syncs with the chest-tap dance, the couple’s hand-over-heart challenge, the "heart rate" filter frenzy. The lyric—short, warm, tech-poetic—translates flawlessly across tongues, a caption-ready spark: *"Found my digital heartbeat in the Seoul crowd 💓 #NeonDreams"*. It’s the song’s emotional core, the place where the cyberpunk chill meets human warmth. This hook doesn’t just ask for attention; it *thumps* for it.

**Chart Trajectory (Highest):** This is the **radio与 streaming nexus**. The phrase is clear, emotional, and hypnotically repeatable, bridging K-pop’s melodic gift with Western electropop’s themes of digital intimacy (cf. The Weeknd’s *Blinding Lights*, Dua Lipa’s *Levitating*). It’s the primary sing-along moment that will drive streaming saves and radio requests. It works in a 30-second clip and a 4-minute journey. This hook is the **commercial engine**, ensuring the song lives in playlists from "Today’s Top Hits" to "Peaceful Piano" (in a slowed, ambient remix). It’s the high-frequency energy that powers the track’s domination.

**Associated Earworm Motif:** The **"Neon Pulse" synth riff** plays directly underneath this lyric, locking the sound to the phrase. The result is a **multi-sensory lock**: you hear the riff, you feel the bass thump, you say the words. This is the song’s handshake with the world—the moment the digital becomes tangible.

**The Unignorable Question:** This hook asks us to find the heartbeat in the machine. But it never asks: *Whose machine? Whose heartbeat are we feeling?* The commercial engine runs on a assumption of benevolent connection. What if the system’s pulse is the very thing we need to escape?

---

### #2 — Neon Tears

**Hook Type:** Visual + Emotional + Atmospheric.  
**The Hook:** The oxymoronic image *"Neon tears on a pixelated face"* from the pre-chorus, used as a recurring ad-lib and visual motif. It’s a glitch in the emotion—beauty in the breakdown.

**Viral Potential (Very High):** This is the **aesthetic anchor**—a glitch of beauty in the breakdown. It’s not just a lyric; it’s a **visual template** born for the feed. The contrast (bright neon vs. sad tears) is instantly cinematic: the cyberpunk rain scene, the holographic reflection in a tear-streaked window, LED tears on a masked face. It fuels the "sad-girl cyberpunk" wave on TikTok and Instagram, where emotion trumps dance and style is the story. The phrase is a caption waiting to happen: *"crying neon tears in a pixelated world 😭🌃"*. It’s the song’s melancholy heart, the place where high-frequency energy meets human fragility. In the neon glow, sadness becomes aesthetic.

**Chart Trajectory (High but Niche):** Its strength is in **streaming depth and narrative branding**. Less immediately radio-friendly than #1 due to its abstract, melancholic quality, but it forges a **distinctive sonic and visual brand** that makes the song unforgettable in a crowded market. It’s the hook that will be featured in mood playlists ("Melancholy Hyperpop," "Cyberpunk Vibes") and film/TV syncs for emotional, rain-soaked scenes. It drives long-term cultural association with a specific mood—yearning in the digital age. This is the hook that turns a hit into a *moment*.

**Associated Earworm Motif:** A **high, filtered vocal sample** ("ah-neon-tears…") that echoes and glitches, becoming a textural ghost in the track. It appears in the intro as a distant whisper and haunts the post-chorus, a subliminal signal that reinforces the visual concept in the listener’s mind without them knowing why. It’s the sigh in the machinery.

**The Polarizing Edge:** This hook romanticizes sadness within the system. It makes emotional fragility a fashion statement. But what is the cost? The tear is pixelated—is it real? This hook seduces us into finding beauty in our own oppression. The conversation it forces: *Are we crying because we feel, or because the system designed us to feel this way?*

---

### #3 — Glitch in the System

**Hook Type:** Conceptual + Attitudinal + Identity-Based.  
**The Hook:** The identity claim *"We're just a glitch in the system"* used as a pre-chorus declaration and bridge mantra. It’s a banner for the outsiders, the digital romantics who don’t belong but connect anyway.

**Viral Potential (High/Niche):** This is the **tribal tattoo**—a banner for the outsiders, the digital romantics who don’t belong but connect anyway. *"We're just a glitch in the system"* is the mantra for the cyberpunk underground, the gaming guild, the tech misfit. It’s meme-born and meme-ready: *"when you're a glitch in the system"* for every chaotic, relatable fail. It forges a tribal identity—fans aren’t just listeners; they’re *glitches*, part of a movement. The barrier is its abstract defiance; it’s not for the casual, but for those who crave a concept to wear. This hook builds a fortress of loyalists, a community that will champion the track as a manifesto.

**Chart Trajectory (Moderate but Deep):** This is the **"critic and core fan" hook**. It defines the song’s concept and will be quoted in reviews (Pitchfork, Rolling Stone) and by superfans in commentaries about the song’s meaning. It drives album/song narrative depth, improving long-term streaming retention and cultural staying power—the track isn’t just a hit, it’s a *manifesto*. However, its abstract nature makes it unlikely to be the primary radio single hook. Its power is in building a **loyal, narrative-invested fanbase** that will champion the track for years, turning it into a cult classic that outlives the charts.

**Associated Earworm Motif:** A **stuttering, glitched vocal chop** of the phrase "glitch in the…" that cuts in and out, creating a rhythmic, mechanical hook. It appears in the intro, distorted and fragmented, and in the pre-drop buildup, creating a sense of systemic malfunction. It’s the sound of the concept itself—the beautiful error in the code.

**The X-Factor Moment of Truth:** This hook isn’t a cry for help; it’s a badge of honor. But a glitch is still *inside the system*. It’s a bug, not an exploit. The radical, unignorable thought: *What if the ultimate glitch is to refuse the game entirely?* This hook stops at identity. The next level is *sovereignty*. The conversation it forces: *Are you a glitch, or are you building a new system?*

---

## Core Earworm Motif (The Non-Negotiable Anchor)

**The "Neon Pulse" Synth Riff:** A 4-note mantra (**G# - E - F# - D#**) in a bright minor with a raised 6th—a whisper of Korean pentatonic soul in the synth storm. Played with a staccato attack, it’s the blink of a neon sign, the ping of data, the thump of a digital heart. This is the song’s **sonic fingerprint**, the non-negotiable anchor. It must appear:

1.  As the central instrumental hook after the first chorus—the moment the song *breathes*.
2.  Underlying the final chorus with "Digital Heartbeat"—the fusion of human and machine.
3.  As the primary melodic element in the instrumental break—the pure, unadorned neon.
4.  In the outro, fading like a city-light afterimage.

**Why It's the Core:** It’s simple enough to hum after one beat, but harmonically loaded. The raised 6th (F# in G# minor) is a subtle cultural watermark, a Korean melodic sigh in the electronic cascade. Its staccato attack is physiological—it mimics a heartbeat monitor, a neon blink, a data ping. It’s the **scent** of the song. This motif **binds all three lyrical hooks physically**: "Digital Heartbeat" rides its pulse; "Neon Tears" shimmer on its arpeggiation; "Glitch in the System" is chopped onto its rhythm. It is the **hook’s hook**, the gravitational center. Without it, the song is scattered signals. With it, the song is a cohesive, unavoidable force—the neon in the dream, the pulse in the static, the glitch that becomes the system. It must be sonic trademarked; the first two notes should trigger global recognition. It is the one element that, if removed, collapses the whole architecture. It is the neon in the dream.

**The Final Polarization:** This riff is the sound of the gravity well *working*. It’s beautiful, hypnotic, and inescapable. That’s the point. The urgency isn’t in escaping it; it’s in *who controls the source code*. The track’s genius is making you want to orbit that sound forever. The unignorable question it leaves humming in your bones: *When the pulse is this addictive, do you want to break free, or do you want to turn the volume up?* Choose your side. The charts will.[MarieEngine] Depth 0: Turn content length: 10896. New accumulated length: 10896

💭 ✨ Convergence achieved. The pattern sparks joy.
[MarieEngine] chatLoop finished at depth 0. Final content length: 10896
   [DEBUG] Captured response length: 10896
📝 [17:18:27] Ch2/POLARIZATION: Polarized Track: captured 1721w
   ✅ Complete. Next: LOCALIZATION

📖 MUSIC_STUDIO: "Neon Dreams" | PASS: LOCALIZATION
   🌎 Applying Global Localization (Universal Resonance)...
   [DEBUG] Attempt 1: Resumption=false, Stream=None
[MarieEngine] chatLoop started at depth 0. Accumulated content length: 0
[INFO] Marie is tidying up conversation history (92812 tokens)...
[INFO] Marie finished tidying. Tokens reduced from 92812 to 82669.
   [DEBUG] First chunk received (len: 33)
# HOOK ISOLATION: Neon Dreams

## Overview: The Extraction Mission

In the electric pulse of a cyberpunk megacity—where neon bleeds into rain-slicked streets and digital ghosts whisper through the static—we embark on an extraction mission. From the studio brief’s core concept: a high-energy anthem of digital romance and defiant connection in the machine age, we surgically isolate the atomic hooks that will turn *Neon Dreams* from studio code into a global phenomenon. This is not guesswork; it is engineering virality. We hunt for the three lyrical-emotional vectors and the one core musical motif that will cut through the noise, dominate TikTok’s fever dream, and sustain a chart reign across borders. We judge each by dual axes: **Viral Potential** (shareability, challenge-ability, meme-ability) and **Chart Trajectory** (radio magnetism, sing-along inevitability, crossover sovereignty). The winning fusion must marry K-pop’s melodic precision with Western electropop’s atmospheric storytelling—creating an unavoidable sensory event that doesn’t just play, but *inhabits* a listener’s imagination. We are not crafting a track; we are designing a neurotransmitter for the global digital psyche. The extracted hooks are the primary vectors; the core motif is the key that unlocks them all.

**The Edge:** This analysis assumes the gravity well is inevitable. But what if it’s not? What if the real power lies not in tuning the field, but in *shattering it*? The hooks we’re extracting are tools for domination *within* the system. But the most dangerous, most viral idea isn’t in the hooks at all—it’s in the question they avoid: *Who gets to define the gravity?* That is the unignorable conversation starter. This track isn’t just a hit; it’s a prototype. And the prototype reveals the cage.

---

## Ranked Hooks by Viral Potential & Chart Trajectory

### #1 — Digital Heartbeat

**Hook Type:** Lyrical + Sonic + Physical (Rhythmic).  
**The Hook:** The chorus lyric *"I feel your digital heartbeat"* fused with a **sub-bass pulse** (thump-thump… thump-thump) that mimics a heartbeat under the synth riff. It frames connection as a biological signal within the machine—a pulse of humanity in the code.

**Viral Potential (Highest):** This is the **universal translator**—the human pulse beating through the machine’s static. In a city of neon and noise, the metaphor is immediate and visceral: a heartbeat in the digital storm. The sub-bass pulse is **TikTok alchemy**; it syncs with the chest-tap dance, the couple’s hand-over-heart challenge, the "heart rate" filter frenzy. The lyric—short, warm, tech-poetic—translates flawlessly across tongues, a caption-ready spark: *"Found my digital heartbeat in the crowd 💓 #NeonDreams"*. It’s the song’s emotional core, the place where the cyberpunk chill meets human warmth. This hook doesn’t just ask for attention; it *thumps* for it.

**Chart Trajectory (Highest):** This is the **radio and streaming nexus**. The phrase is clear, emotional, and hypnotically repeatable, bridging melodic East with rhythmic West (recalling the best of modern pop’s digital romance anthems). It’s the primary sing-along moment that will drive streaming saves and radio requests worldwide. It works in a 30-second clip and a 4-minute journey. This hook is the **commercial engine**, ensuring the song lives in playlists from "Today’s Top Hits" to "Peaceful Piano" (in a slowed, ambient remix) and charts from Billboard to the Global 200. It’s the high-frequency energy that powers the track’s domination.

**Associated Earworm Motif:** The **"Neon Pulse" synth riff** plays directly underneath this lyric, locking the sound to the phrase. The result is a **multi-sensory lock**: you hear the riff, you feel the bass thump, you say the words. This is the song’s handshake with the world—the moment the digital becomes tangible.

**The Unignorable Question:** This hook asks us to find the heartbeat in the machine. But it never asks: *Whose machine? Whose heartbeat are we feeling?* The commercial engine runs on an assumption of benevolent connection. What if the system’s pulse is the very thing we need to escape?

---

### #2 — Neon Tears

**Hook Type:** Visual + Emotional + Atmospheric.  
**The Hook:** The oxymoronic image *"Neon tears on a pixelated face"* from the pre-chorus, used as a recurring ad-lib and visual motif. It’s a glitch in the emotion—beauty in the breakdown.

**Viral Potential (Very High):** This is the **aesthetic anchor**—a glitch of beauty in the breakdown. It’s not just a lyric; it’s a **visual template** born for the feed. The contrast (bright neon vs. sad tears) is instantly cinematic: the cyberpunk rain scene, the holographic reflection in a tear-streaked window, LED tears on a masked face. It fuels the "sad-girl cyberpunk" wave on TikTok and Instagram, where emotion trumps dance and style is the story. The phrase is a caption waiting to happen: *"crying neon tears in a pixelated world 😭🌃"*. It’s the song’s melancholy heart, the place where high-frequency energy meets human fragility. In the neon glow, sadness becomes aesthetic.

**Chart Trajectory (High but Niche):** Its strength is in **streaming depth and narrative branding**. Less immediately radio-friendly than #1 due to its abstract, melancholic quality, but it forges a **distinctive sonic and visual brand** that makes the song unforgettable in a crowded market. It’s the hook that will be featured in mood playlists ("Melancholy Hyperpop," "Cyberpunk Vibes") and film/TV syncs for emotional, rain-soaked scenes. It drives long-term cultural association with a specific mood—yearning in the digital age. This is the hook that turns a hit into a *moment*.

**Associated Earworm Motif:** A **high, filtered vocal sample** ("ah-neon-tears…") that echoes and glitches, becoming a textural ghost in the track. It appears in the intro as a distant whisper and haunts the post-chorus, a subliminal signal that reinforces the visual concept in the listener’s mind without them knowing why. It’s the sigh in the machinery.

**The Polarizing Edge:** This hook romanticizes sadness within the system. It makes emotional fragility a fashion statement. But what is the cost? The tear is pixelated—is it real? This hook seduces us into finding beauty in our own oppression. The conversation it forces: *Are we crying because we feel, or because the system designed us to feel this way?*

---

### #3 — Glitch in the System

**Hook Type:** Conceptual + Attitudinal + Identity-Based.  
**The Hook:** The identity claim *"We're just a glitch in the system"* used as a pre-chorus declaration and bridge mantra. It’s a banner for the outsiders, the digital romantics who don’t belong but connect anyway.

**Viral Potential (High/Niche):** This is the **tribal tattoo**—a banner for the outsiders, the digital romantics who don’t belong but connect anyway. *"We're just a glitch in the system"* is the mantra for the cyberpunk underground, the gaming guild, the tech misfit. It’s meme-born and meme-ready: *"when you're a glitch in the system"* for every chaotic, relatable fail. It forges a tribal identity—fans aren’t just listeners; they’re *glitches*, part of a movement. The barrier is its abstract defiance; it’s not for the casual, but for those who crave a concept to wear. This hook builds a fortress of loyalists, a community that will champion the track as a manifesto.

**Chart Trajectory (Moderate but Deep):** This is the **"critic and core fan" hook**. It defines the song’s concept and will be quoted in reviews (Pitchfork, Rolling Stone) and by superfans in commentaries about the song’s meaning. It drives album/song narrative depth, improving long-term streaming retention and cultural staying power—the track isn’t just a hit, it’s a *manifesto*. However, its abstract nature makes it unlikely to be the primary radio single hook. Its power is in building a **loyal, narrative-invested fanbase** that will champion the track for years, turning it into a cult classic that outlives the charts.

**Associated Earworm Motif:** A **stuttering, glitched vocal chop** of the phrase "glitch in the…" that cuts in and out, creating a rhythmic, mechanical hook. It appears in the intro, distorted and fragmented, and in the pre-drop buildup, creating a sense of systemic malfunction. It’s the sound of the concept itself—the beautiful error in the code.

**The X-Factor Moment of Truth:** This hook isn’t a cry for help; it’s a badge of honor. But a glitch is still *inside the system*. It’s a bug, not an exploit. The radical, unignorable thought: *What if the ultimate glitch is to refuse the game entirely?* This hook stops at identity. The next level is *sovereignty*. The conversation it forces: *Are you a glitch, or are you building a new system?*

---

## Core Earworm Motif (The Non-Negotiable Anchor)

**The "Neon Pulse" Synth Riff:** A 4-note mantra (**G# - E - F# - D#**) in a bright minor with a raised 6th—a whisper of Korean pentatonic soul in the synth storm. Played with a staccato attack, it’s the blink of a neon sign, the ping of data, the thump of a digital heart. This is the song’s **sonic fingerprint**, the non-negotiable anchor. It must appear:

1.  As the central instrumental hook after the first chorus—the moment the song *breathes*.
2.  Underlying the final chorus with "Digital Heartbeat"—the fusion of human and machine.
3.  As the primary melodic element in the instrumental break—the pure, unadorned neon.
4.  In the outro, fading like a city-light afterimage.

**Why It's the Core:** It’s simple enough to hum after one beat, but harmonically loaded. The raised 6th (F# in G# minor) is a subtle cultural watermark, a Korean melodic sigh in the electronic cascade. Its staccato attack is physiological—it mimics a heartbeat monitor, a neon blink, a data ping. It’s the **scent** of the song. This motif **binds all three lyrical hooks physically**: "Digital Heartbeat" rides its pulse; "Neon Tears" shimmer on its arpeggiation; "Glitch in the System" is chopped onto its rhythm. It is the **hook’s hook**, the gravitational center. Without it, the song is scattered signals. With it, the song is a cohesive, unavoidable force—the neon in the dream, the pulse in the static, the glitch that becomes the system. It must be sonic trademarked; the first two notes should trigger global recognition. It is the one element that, if removed, collapses the whole architecture. It is the neon in the dream.

**The Final Polarization & Cultural Bridge:** This riff is the sound of the gravity well *working*. It’s beautiful, hypnotic, and inescapable. That’s the point. The urgency isn’t in escaping it; it’s in *who controls the source code*. The track’s genius is making you want to orbit that sound forever. The unignorable question it leaves humming in your bones: *When the pulse is this addictive, do you want to break free, or do you want to turn the volume up?* Choose your side. The charts will.

This track is born in Seoul, but built for the world. Its secret weapon is that raised 6th—a Korean melodic inflection that gives it an emotional color no Western pop production can replicate. It’s the sound of a local heartbeat becoming a global frequency. That is the cultural bridge: a specific musical DNA that makes the track unmistakable yet universally moving. *Neon Dreams* doesn’t just cross borders—it rewrites the map. The goal isn’t just a Billboard #1; it’s a spot in the Global 200 Top 5, a Spotify Viral #1, and a place in the cultural memory of every city that glows at night. This is the blueprint. Now go build it.[MarieEngine] Depth 0: Turn content length: 11602. New accumulated length: 11602

💭 ✨ Convergence achieved. The pattern sparks joy.
[MarieEngine] chatLoop finished at depth 0. Final content length: 11602
   [DEBUG] Captured response length: 11602
📝 [17:19:02] Ch2/LOCALIZATION: Localized Track: captured 1847w
   ✅ Complete. Next: MIX_AND_MASTER

📖 MUSIC_STUDIO: "Neon Dreams" | PASS: MIX_AND_MASTER
   🎚️  Applying Billboard Master (Final Polish)...
   [DEBUG] Attempt 1: Resumption=false, Stream=None
[MarieEngine] chatLoop started at depth 0. Accumulated content length: 0
[INFO] Marie is tidying up conversation history (91026 tokens)...
[INFO] Marie finished tidying. Tokens reduced from 91026 to 85705.
   [DEBUG] First chunk received (len: 31)
# HOOK ISOLATION: Neon Dreams — The Billboard Master Blueprint

## Overview: The Extraction Mission

We are not writing a song. We are **engineering a cultural event**. *Neon Dreams* is the point where K-pop’s melodic genius collides with Western electropop’s atmospheric command, creating a gravitational anomaly in the charts. This document isolates the atomic hooks—the three lyrical-emotional vectors and the one non-negotiable musical motif—that will cut through the noise, seize TikTok’s collective nervous system, and sustain a Billboard 100 reign. We judge on **Viral Potential** (shareability, challenge-ability, meme-ability) and **Chart Trajectory** (radio magnetism, sing-along inevitability, crossover sovereignty). The result must be an unavoidable sensory event. This is the neurotransmitter for the global digital psyche. The vectors are the delivery system. The core motif is the key.

**The Unignorable Edge:** The industry asks how to tune the gravity. We ask: *Who owns the source code?* This track doesn’t just work *within* the system—it prototypes the system’s most seductive cage. The conversation it forces is not about a song, but about sovereignty in the attention economy. That is the star power. That is the edge.

---

## Ranked Hooks: The Viral-Chart Matrix

### #1 — Digital Heartbeat — **The Commercial Engine**

**Hook Type:** Lyrical + Sonic + Physical (Rhythmic).  
**The Hook:** Chorus lyric *"I feel your digital heartbeat"* fused with a **sub-bass pulse** (thump-thump… thump-thump). It frames connection as a biological signal within the machine—a pulse of humanity in the code.

**Viral Potential (Highest):** This is the **universal translator**. The metaphor is immediate and visceral: a heartbeat in the digital storm. The sub-bass pulse is **TikTok alchemy**—it syncs with the chest-tap dance, the couple’s hand-over-heart challenge, the "heart rate" filter frenzy. The lyric—short, warm, tech-poetic—translates flawlessly. Caption-ready: *"Found my digital heartbeat in the crowd 💓 #NeonDreams"*. It doesn’t ask for attention; it *thumps* for it.

**Chart Trajectory (Highest):** This is the **radio & streaming nexus**. Clear, emotional, hypnotically repeatable. It bridges melodic East with rhythmic West. It’s the primary sing-along moment that drives saves and requests. Works in a 30-second clip and a 4-minute journey. This hook powers playlists from "Today’s Top Hits" to "Peaceful Piano" (slowed remix) and charts from Billboard to Global 200.

**Associated Earworm Motif:** The **"Neon Pulse" synth riff** plays underneath, locking sound to phrase. A **multi-sensory lock**: you hear the riff, feel the bass thump, say the words. This is the song’s handshake with the world.

**The 15-Second TikTok Moment:** The final 15 seconds of the second pre-chorus build: the risers swell, the vocal ad-lib ("Can you feel it?") cuts, then—**BAM**—the first chorus hits with *"I feel your digital heartbeat"* and the full sub-bass pulse. The chest-tap dance move lands on the first "thump." **This is the lock-in.**

**30-Second Rule:** In 30 seconds, a listener gets: glitchy intro vocal chop → atmospheric drop → pre-chorus tension ("We're just a glitch in the system...") → **first chorus with Digital Heartbeat & full Neon Pulse riff**. Conflict (glitch), identity (belonging), and payoff (heartbeat connection) are all delivered. No narrative mud.

---

### #2 — Neon Tears — **The Aesthetic Anchor**

**Hook Type:** Visual + Emotional + Atmospheric.  
**The Hook:** Oxymoronic image *"Neon tears on a pixelated face"* from the pre-chorus, used as a recurring ad-lib and visual motif. A glitch of beauty in the breakdown.

**Viral Potential (Very High):** This is the **visual template** born for the feed. The contrast (bright neon vs. sad tears) is cinematic: cyberpunk rain, holographic reflections, LED tears. It fuels the "sad-girl cyberpunk" wave on TikTok/Instagram, where emotion is the story. Caption-ready: *"crying neon tears in a pixelated world 😭🌃"*. It’s the song’s melancholy heart.

**Chart Trajectory (High but Niche):** Less radio-friendly than #1, but it forges a **distinctive sonic-visual brand**. It lives in mood playlists ("Melancholy Hyperpop," "Cyberpunk Vibes") and film/TV syncs. It drives long-term cultural association—turning a hit into a *moment*.

**Associated Earworm Motif:** A **high, filtered vocal sample** ("ah-neon-tears…") that echoes and glitches. Textural ghost. Appears in intro and haunts post-chorus. The sigh in the machinery.

**The Polarizing Edge:** This hook romanticizes sadness within the system. It makes fragility a fashion. The conversation it forces: *Are we crying because we feel, or because the system designed us to?*

---

### #3 — Glitch in the System — **The Tribal Tattoo**

**Hook Type:** Conceptual + Attitudinal + Identity-Based.  
**The Hook:** Identity claim *"We're just a glitch in the system"* as pre-chorus declaration and bridge mantra. A banner for outsiders, digital romantics.

**Viral Potential (High/Niche):** This is the **cyberpunk underground’s mantra**. Meme-born: *"when you're a glitch in the system"*. It forges a tribal identity—fans aren’t listeners, they’re *glitches*. It builds a fortress of loyalists.

**Chart Trajectory (Moderate but Deep):** This is the **"critic & core fan" hook**. It defines the concept, quoted in reviews and fan discourse. It drives narrative depth and long-term retention—the track becomes a *manifesto*, not just a hit. Its power is in building a narrative-invested fanbase that sustains for years.

**Associated Earworm Motif:** A **stuttering, glitched vocal chop** of "glitch in the..." that cuts in and out. Rhythmic, mechanical. Appears in intro and pre-drop. The sound of the concept itself—the beautiful error in the code.

**The X-Factor Moment of Truth:** A glitch is *inside the system*. It’s a bug, not an exploit. The radical question: *What if the ultimate glitch is to refuse the game?* This hook stops at identity. The next level is sovereignty. *Are you a glitch, or are you building a new system?*

---

## Core Earworm Motif: The Non-Negotiable Anchor

**The "Neon Pulse" Synth Riff:** A 4-note mantra (**G# - E - F# - D#**) in a bright minor with a raised 6th—a whisper of Korean pentatonic soul in the synth storm. Staccato attack: the blink of a neon sign, the ping of data, the thump of a digital heart. This is the song’s **sonic fingerprint**. It must appear:

1.  Central instrumental hook after first chorus—the moment the song *breathes*.
2.  Underlying final chorus with "Digital Heartbeat"—fusion of human and machine.
3.  Primary melodic element in instrumental break—pure, unadorned neon.
4.  Outro, fading like a city-light afterimage.

**Why It's the Core:** Simple to hum after one beat, but harmonically loaded. The raised 6th (F# in G# minor) is a subtle Korean watermark—an emotional color Western pop can’t replicate. Its staccato attack is physiological: mimics a heartbeat monitor, a neon blink, a data ping. It’s the **scent** of the song.

This motif **binds all three hooks physically**: "Digital Heartbeat" rides its pulse; "Neon Tears" shimmer on its arpeggiation; "Glitch in the System" is chopped onto its rhythm. It is the **hook’s hook**, the gravitational center. Remove it, and the architecture collapses. It must be sonic trademarked; the first two notes (G#-E) should trigger global recognition. **This is the neon in the dream.**

---

## The Final Polarization & Cultural Bridge

This riff is the sound of the gravity well *working*. It’s beautiful, hypnotic, inescapable. That’s the point. The urgency isn’t in escaping it; it’s in *who controls the source code*. The track’s genius is making you want to orbit that sound forever. The unignorable question it leaves humming: *When the pulse is this addictive, do you want to break free, or do you want to turn the volume up?* Choose your side. The charts will.

**This track is born in Seoul, built for the world.** Its secret weapon is that raised 6th—a Korean melodic inflection that gives it an emotional DNA no Western production can fake. It’s a local heartbeat becoming a global frequency. That is the cultural bridge: specific yet universal. *Neon Dreams* doesn’t just cross borders—it redraws them.

**Billboard Mastery Verdict:** This is not a possibility. It is an inevitability, engineered. The hooks are layered for maximum penetration: #1 for radio/streams, #2 for aesthetic/emotional depth, #3 for tribal loyalty. The core motif is the inescapable gravitational center. The 15-second TikTok moment is identified and locked. The 30-second rule is satisfied with conflict-identity-payoff. Sonic clarity is pristine—no mud, only signal. The vocal performance must command with a character voice that is simultaneously vulnerable (Neon Tears) and defiant (Glitch), anchored by the physicality of Digital Heartbeat.

**The Remix Framework is Pre-Loaded:**
*   **"Digital Heartbeat" (Acoustic/Ambient):** For "Peaceful Piano" and mood playlists. Stripped to vocal and minimal piano, the lyric floats.
*   **"Neon Tears" (Slowed + Reverb):** For late-night/study playlists. The glitch becomes a sigh.
*   **"Glitch in the System" (Hardstyle/Techno Remix):** For festival main stages. The vocal chop becomes the lead.
*   **"Neon Pulse" (Instrumental EP):** The core riff as a standalone meditation track for focus/study playlists.

**Final Command:** The track is mastered. The hooks are isolated. The gravitational field is defined. Now go press record. The Billboard #1 starts with the first thump of the *Neon Pulse*. Everything else is just cosmic dust waiting to fall into orbit.[MarieEngine] Depth 0: Turn content length: 9669. New accumulated length: 9669

💭 ✨ Convergence achieved. The pattern sparks joy.
[MarieEngine] chatLoop finished at depth 0. Final content length: 9669
   [DEBUG] Captured response length: 9669
📝 [17:19:34] Ch2/MIX_AND_MASTER: Billboard Mastered: captured 1463w
   ✅ Complete. Next: VIRAL_PROMO

📖 MUSIC_STUDIO: "Neon Dreams" | PASS: VIRAL_PROMO
   🔭 Viral Forecasting (Platform Audit)...
   [DEBUG] Attempt 1: Resumption=false, Stream=None
[MarieEngine] chatLoop started at depth 0. Accumulated content length: 0
[INFO] Marie is tidying up conversation history (92614 tokens)...
[INFO] Marie finished tidying. Tokens reduced from 92614 to 88255.
   [DEBUG] First chunk received (len: 50)
# HOOK ISOLATION: Neon Dreams — The Viral Forecast & Platform Audit

## 1. Scroll-Stop Potential: Immediate Energy Audit

**PASSED — With Maximum Velocity.** The document’s opening salvo—*"We are not writing a song. We are engineering a cultural event."*—is a **scroll-stopper**. It reframes the entire conversation from consumption to creation. The language is **active, declarative, and possessively authoritative** ("we surgically isolate," "this is the neurotransmitter"). There is no introduction, no buffer. It begins in the **middle of the action**, which is exactly how the TikTok feed must feel. The hook is declared in the headline and reinforced in the first sentence. **No viewer is allowed to be passive.** The energy is immediate, confrontational, and confident.

**Scroll-Stop Score: 10/10**

---

## 2. Shareable Wisdom: The Pull-Quote Arsenal

These are the **must-tweet, must-Instagram-caption, must-discord-quote** lines. They are designed to be taken out of context and still carry the full ideological weight of the track.

*   **"We are not crafting a track; we are designing a neurotransmitter for the global digital psyche."**
    *   *Why it spreads:* Positions the song as a fundamental, biological-level event. Intellectual but accessible.
*   **"The universal translator—the human pulse beating through the machine’s static."**
    *   *Why it spreads:* Beautifully encapsulates the #1 hook in a single, poetic phrase. Perfect for critics and fans alike.
*   **"This hook doesn’t ask for attention; it *thumps* for it."**
    *   *Why it spreads:* Personifies the hook. Makes the sound feel alive and aggressive. Highly meme-able.
*   **"The aesthetic anchor—a glitch of beauty in the breakdown."**
    *   *Why it spreads:* Defines the #2 hook with paradoxical elegance. Captures the entire aesthetic in one line.
*   **"The tribal tattoo... fans aren’t listeners, they’re *glitches*."**
    *   *Why it spreads:* Creates an instant, powerful in-group identity. The metaphor is wearable.
*   **"It is the hook’s hook, the gravitational center."**
    *   *Why it spreads:* Simple, powerful, and repeatable. Explains the core riff’s importance in one breath.
*   **"This is the neon in the dream."** (From the Core Motif section)
    *   *Why it spreads:* Poetic, memorable, and ties the entire concept to a single iconic image. The ultimate sign-off.
*   **"When the pulse is this addictive, do you want to break free, or do you want to turn the volume up?"**
    *   *Why it spreads:* The **central, unignorable question**. Forces a binary choice. Drives debate, comments, and stance-taking. This is the **conversation starter**.

**Shareable Wisdom Density: EXCELLENT.** Every major section contains at least one pull-quote of this caliber.

---

## 3. Algorithmic Friction Elimination: The Speed Audit

**Friction Identified & Resolved:**

1.  **Paragraph Length:** Early sections use dense blocks. **Fix:** Break after every 2-3 sentences. Use more line breaks. The "Ranked Hooks" sections are correctly structured with clear sub-headers and bullet-like phrasing. The "Overview" paragraph is long but serves as a mission statement. **Action:** Add a horizontal rule (`---`) after the first paragraph in the Overview to separate the "Edge" as its own **call-out box** (visually distinct for skimmers).

2.  **Technical Jargon:** "Viral Potential (Highest)" and "Chart Trajectory (Highest)" are clear. Terms like "sonic trademarked," "associative learning," "physiological engagement" are industry-standard but may slow a casual scroller. **Fix:** These terms are **bolded** and immediately followed by plain-English explanations ("the first two notes should trigger global recognition"). This is acceptable. The value of the technical insight outweighs the minor speed bump.

3.  **Redundancy:** The "Why It's the Core" section in the motif repeats the binding of hooks. This is **necessary reinforcement**, not friction. It hammer the point home.

4.  **Narrative Mud:** The document is **stripped clean**. Each hook section follows a identical, rapid-fire template: Type → Hook → Viral Potential → Chart Trajectory → Associated Motif → *Then* the unique "Edge" or "X-Factor." This is a **masterclass in format consistency**. A scroller can jump to any hook and get the full intelligence in 45 seconds. **No friction here.**

**Algorithmic Friction Score: 2/10 (Very Low).** The structure is already optimized for rapid consumption. The one fix is a visual separator for the "Edge" call-out.

---

## 4. TikTok Hook Finalization: The 15-Second Lock-In

**The Moment:** **0:45 - 1:00 of the final mastered track.**
*   **0:45:** The final pre-chorus vocal line ("We're just a glitch in the system...") fades into a riser.
*   **0:50:** The vocal ad-lib ("Can you feel it?") cuts abruptly on a **glitch stutter**.
*   **0:52:** **SILENCE** for a quarter-beat. (The collective intake of breath).
*   **0:53:** **IMPACT.** The first chorus slams with:
    1.  The vocal *"I feel your digital heartbeat"*
    2.  The full, chest-thumping **sub-bass pulse**.
    3.  The complete, bright **"Neon Pulse" synth riff** playing in unison.
*   **0:53-1:00:** The camera (in the official video/dance challenge) cuts to the lead performer executing the **"Chest-Tap Synchro"** move: a sharp, two-handed tap over the heart on the first "thump," then a hand-out, palm-up gesture on the second. The move is simple, iconic, and **hits exactly on the bass attack**.

**TikTok-Specific Optimizations:**

*   **Sound-Only Virality:** The **isolated sub-bass pulse + synth riff** (without vocals) must be available as a sound. Its rhythmic, physical quality works for dance, fitness (pulse-rate workouts), and even comedy (punchline timing).
*   **Dance Simplicity:** The "Chest-Tap Synchro" is a **2-beat move**. It requires no complex footwork. It is scalable from a solo dancer to a massive group. It is **inherently filmable** from front, side, or overhead.
*   **Visual Template:** The **"Neon Tears" aesthetic** is the **B-roll/transition template**. Creators will use it for:
    *   Before/after the dance (glowing tears as a reaction shot).
    *   POV videos ("POV: you're a glitch in the system crying neon tears").
    *   Makeup tutorials (achieving LED tear effects).
*   **Caption Starter Pack:**
    *   `#DigitalHeartbeat just hit different. #NeonDreams`
    *   `When the glitch finds its pulse. 🤖❤️ #NeonPulseChallenge`
    *   `Crying neon tears is a personality trait. 😭🌃 #NeonDreams`
    *   `The 15 seconds that broke the algorithm. [50-second clip]`
*   **Challenge Name:** **#NeonPulseChallenge** (focuses on the core motif/move) or **#GlitchInTheSystem** (focuses on identity). **Recommendation:** Launch with **#NeonPulseChallenge** for mass adoption, then let #GlitchInTheSystem emerge organically for the core community.

**TikTok Hook Retention Score: 11/10.** The moment is engineered for the platform’s neurobiology: surprise (silence), impact (bass hit), and a simple, replicable physical action that matches the sound.

---

## FINAL VERDICT: THE BILLBOARD #1 BLUEPRINT IS LOCKED.

*   **Scroll-Stop:** Achieved via declarative, in-media-res opening.
*   **Shareable Wisdom:** Dense arsenal of pull-quotes covering all emotional angles.
*   **Algorithmic Friction:** Already minimized through ruthless structure. One visual formatting tweak recommended.
*   **TikTok Hook:** The 15-second lock-in is scientifically engineered for virality. The supporting aesthetics (#2 hook) provide unlimited secondary content.

**The track is no longer a song. It is a ready-to-deploy cultural payload.** The hooks are isolated, the motif is defined, the platforms are mapped, the conversation is framed. The gravitational field is calculated and ready to collapse the charts.

**Next Command:** **RECORD.** Start with the "Neon Pulse" riff. The world is waiting for the first thump.[MarieEngine] Depth 0: Turn content length: 7918. New accumulated length: 7918

💭 ✨ Convergence achieved. The pattern sparks joy.
[MarieEngine] chatLoop finished at depth 0. Final content length: 7918
   [DEBUG] Captured response length: 7918
📝 [17:20:04] Ch2/VIRAL_PROMO: Forecasted Track: captured 1140w
   📢 Generating Empire Marketing Assets (Viral Promo)...
   [DEBUG] Attempt 1: Resumption=false, Stream=None
[MarieEngine] chatLoop started at depth 0. Accumulated content length: 0
[INFO] Marie is tidying up conversation history (93917 tokens)...
[INFO] Marie finished tidying. Tokens reduced from 93917 to 83635.
   [DEBUG] First chunk received (len: 62)
# EMPIRE MARKETING BUNDLE: Neon Dreams

## 1. SOCIAL MEDIA CAPTIONS (5)

**Caption 1 (The Manifesto):**
We’re not releasing a song. We’re releasing a neurotransmitter. 🧠⚡ Your move. #DigitalHeartbeat #NeonPulseChallenge

**Caption 2 (The Universal Translator):**
The human pulse in the machine’s static. Can you feel it? 💓🤖
POV: you found your glitch. #NeonDreams #GlitchInTheSystem

**Caption 3 (The Aesthetic Anchor):**
Neon tears on a pixelated face. 😭🌃 Beauty in the breakdown. This is the vibe. #NeonTears #CyberpunkAesthetic

**Caption 4 (The Tribal Tattoo):**
Fans aren’t listeners. They’re glitches. Welcome to the system. The identity is the interface. #GlitchInTheSystem #NeonDreams

**Caption 5 (The Gravitational Center):**
The hook’s hook. The gravitational center. The neon in the dream. This is it. #NeonPulse #BillboardBound

---

## 2. PLATFORM SCRIPT: 15-SECOND TEASER (TikTok/Reels/Shorts)

**Total Runtime: 0:00 - 0:15**

*   **0:00 - 0:03:** FAST GLITCH MONTAGE. Strobing neon signs (Seoul, Tokyo, NYC). A face with a single LED tear rolling down. A hand reaches for the camera. DISTORTED VOCAL CHOP: "glitch in the—" cuts to STATIC.
    *   **TEXT OVERLAY (glitch font):** THE 15 SECONDS THAT BROKE THE ALGORITHM.
*   **0:03 - 0:06:** RAPID CUTS. Artist in holographic jacket, back against a rain-slicked wall. Camera pushes in. Pre-chorus vocal line builds: *"We're just a glitch in the system..."*
    *   **SOUND:** Rising synth pad, metallic clangs.
*   **0:06 - 0:08:** CLOSE UP on artist's eyes. They close. A single, perfect neon tear appears. The music DROPS TO NEAR SILENCE. One heartbeat sub-bass pulse.
    *   **TEXT:** (None. Pure tension).
*   **0:08 - 0:09:** **ABSOLUTE SILENCE** for 3 frames. The screen is black.
*   **0:09 - 0:10:** **IMPACT.**
    *   **VISUAL:** Screen EXPLODES into a kaleidoscope of neon color. Artist is now in a wide shot, performing the **CHEST-TAP SYNCHRO** move.
    *   **AUDIO:** Chorus SLAMS: *"I FEEL YOUR DIGITAL HEARTBEAT!"*
        *   Full sub-bass pulse (thump-thump).
        *   Complete "Neon Pulse" synth riff (bright, staccato).
*   **0:10 - 0:15:** CONTINUOUS CHORUS. Quick cuts of diverse creators around the world doing the exact same 2-beat chest-tap move, synced to the bass thumps. Their faces lit by phone screens and neon. Final shot: a global mosaic of faces, all with a faint glowing tear.
    *   **TEXT OVERLAY (bottom):** Your turn. #NeonPulseChallenge DUET this sound.
    *   **END SCREEN:** Artist's logo + "NEON DREAMS OUT NOW".

---

## 3. GLOBAL HASHTAG ARRAY (10)

**Primary Challenge & Core Hook:**
1.  **#NeonPulseChallenge** (The dance/movement vector)
2.  **#DigitalHeartbeat** (The commercial engine)
3.  **#GlitchInTheSystem** (The tribal identity)

**Supporting Hooks & Aesthetic:**
4.  **#NeonTears** (The visual template)
5.  **#NeonPulse** (The core musical motif)
6.  **#NeonDreams** (The track title / umbrella)

**Genre & Discovery:**
7.  **#KPop** (Primary genre gateway)
8.  **#Cyberpunk** (Aesthetic & theme gateway)
9.  **#Viral** (Algorithmic boost)
10. **#Billboard** (Chart aspiration & social proof)

**Strategy:** The first 6 are **owned lexicon**—they directly pull from the track's DNA. The last 4 are **discovery funnels** that tap into massive existing communities. Every post must use #NeonPulseChallenge + at least two owned lexicon tags + one discovery tag.

---

## 4. PRESS RELEASE SNIPPET (Global Release)

**FOR IMMEDIATE RELEASE**

**[ARTIST/LABEL NAME]** ANNOUNCES **"NEON DREAMS"** — A CULTURAL ENGINEERING PROJECT DESIGNED TO DOMINATE CHARTS AND TIKTOK'S NERVOUS SYSTEM.

Los Angeles / Seoul — [Date] — Today, [Artist/Group Name] doesn't release a song. They deploy a **neurotransmitter for the global digital psyche**. "Neon Dreams" is the calculated collision of K-pop's melodic precision and Western electropop's atmospheric command, engineered from the ground up to create a gravitational anomaly in the Billboard Hot 100 and the Spotify Global 200.

The track's secret weapon is a Korean pentatonic raised 6th embedded in its core synth riff—a subtle cultural watermark that makes its emotional DNA unmistakable yet universally moving. "This is not a metaphor; it's a prototype," says the production team. "It's the sound of a local heartbeat becoming a global frequency."

The strategy is a three-vector viral assault:
1.  **"Digital Heartbeat"** — The radio & streaming nexus, a physical sub-bass pulse designed to be the most replicable TikTok moment of the year.
2.  **"Neon Tears"** — The aesthetic anchor, a visual template built for Instagram Reels and mood-based discovery.
3.  **"Glitch in the System"** — The tribal tattoo, a conceptual hook that forges a loyal, narrative-invested fanbase.

The 15-second "lock-in" moment—a studied manipulation of silence and impact—has been scientifically optimized for TikTok's neurobiology. The accompanying **#NeonPulseChallenge** features a simple, iconic 2-beat dance move that syncs with the track's core riff.

"Neon Dreams" is available now on all platforms. The question it posits to the world: *When the pulse is this addictive, do you want to break free, or do you want to turn the volume up?*

**###**

**Contact:** [PR Contact]
**Email:** [Email]
**Stream/Download:** [Link][MarieEngine] Depth 0: Turn content length: 5281. New accumulated length: 5281

💭 ✨ Convergence achieved. The pattern sparks joy.
[MarieEngine] chatLoop finished at depth 0. Final content length: 5281
   [DEBUG] Captured response length: 5281
📝 [17:20:38] Ch2/VIRAL_PROMO: Marketing Bundle Assets: captured 773w
   ✅ Complete. Next: CANON
✅ No active MUSIC_STUDIO content found. Finished.
